{"cameraMode":{"drawMode":0,"name":"Shaded","section":"Shading Mode"},"sceneLighting":true,"audioPlay":false,"sceneViewState":{"m_AlwaysRefresh":false,"showFog":true,"showSkybox":true,"showFlares":true,"showImageEffects":true,"showParticleSystems":true,"showVisualEffectGraphs":true,"m_FxEnabled":true},"in2DMode":false,"pivot":{"x":0.19931349158287049,"y":-0.04225832223892212,"z":-0.11335769295692444},"rotation":{"x":-0.05680703744292259,"y":0.9424088001251221,"z":-0.25202304124832156,"w":-0.21242277324199677},"size":0.38039904832839968,"orthographic":false}